,Unnamed: 0,0
0,0,"Yêu thích
50%
GIẢM
Loa bluetooth mini không dây,nghe nhạc,giá rẻ,công nghệ blutooth 5.0 BINTECH
#ShopXuHuong
Mua 3 & giảm ₫3.000
₫120.000
₫60.000
Đã bán 6,2k
Hà Nội"
1,1,"40%
GIẢM
Tai nghe bluetooth MINPRO M10 PRO, tai nghe không dây nghe nhạc chơi game công nghệ bluetooth 5.0
#ShopXuHuong
₫199.000
₫119.000
Đã bán 1,5k
Hà Nội"
2,2,"Yêu thích
[Sẵn] Dầu Mỡ VCK Lube Switch/Stab | GPL 105/205G0 | Permatex XHT-BDZ | Krytox Gateron Akko Cherry Jwick KTT | VCK
₫26.868 - ₫99.999
Đã bán 11,4k
TP. Hồ Chí Minh"
3,3,"Bộ Mở Rộng Sóng Wifi Totolink EX200 Chuẩn N Tốc Độ 300Mbps - Hãng phân phối chính thức
#Shopdacbiet
₫183.000 - ₫193.000
Đã bán 10,2k
TP. Hồ Chí Minh"
4,4,"Yêu thích
QKCASE - Loa Bluetooth Mini - Loa Trứng Nhấp Nháy (Loa Blt)
₫13.900 - ₫40.000
Đã bán 5,6k
Hà Nội"
5,5,"34%
GIẢM
Tai nghe chụp tai không dây bluetooth STN28 màu sắc cute,âm thanh ấm bass mạnh- Phụ Kiện 123
#Shopdacbiet
#ShopXuHuong
₫85.000 - ₫199.000
Đã bán 7,2k
Hà Nội"
6,6,"50%
GIẢM
Switch phím cơ Coputa trục cơ bàn phím Blue Switch/Red Switch/Brown Switch/Black Switch
₫2.500 - ₫10.000
Đã bán 18,2k
Hà Nội"
7,7,"Yêu thích
44%
GIẢM
Quạt Tản Nhiệt - Fan Led RGB Cắm nguồn trực tiếp không qua HUB WM Star V8 S2 33 Bóng
Mua Kèm Deal Sốc
₫36.666 - ₫39.000
Đã bán 4,6k
Hà Nội"
8,8,"41%
GIẢM
Loa bluetooth mini CHARGE 311 không dây, nghe nhạc, giá rẻ, âm thanh chất lượng MINPRO
#ShopXuHuong
Mua để nhận quà
₫150.000
₫89.000
Đã bán 2,5k
Hà Nội"
9,9,"Yêu thích
50%
GIẢM
Tai Nghe Bluetooth M10 Pro Tai Nghe Không M10 Pro Phiên Bản Nâng Cấp Pin Trâu, Nút Cảm Ứng Tự Động Kết Nối - BINTECH
#ShopXuHuong
Mua 3 & giảm ₫3.000
₫250.000
₫125.000
Đã bán 3,8k
Hà Nội"
10,10,"Yêu thích
7%
GIẢM
[Chính hãng] Switch lẻ thay nóng cho bàn phím cơ AKKO CS switch| Jelly switch & TTC switch - Hàng mới 100%
20% Giảm
₫5.100 - ₫14.990
Đã bán 34,2k
Hà Nội"
11,11,"Yêu thích
bộ phát wifi tplink cục phát wifi tplink 2 râu wr 842N giá rẻ
#Shopdacbiet
Mua Kèm Deal Sốc
₫20.000 - ₫95.000
Đã bán 28,7k
Hà Nội"
12,12,"46%
GIẢM
Loa xách tay bluetooth speaker H.S.L.H Âm thanh đỉnh cao BT 201 Bảo Hành Chính Hãng 6 tháng 1 đổi 1
#Shopdacbiet
₫97.600 - ₫164.000
Đã bán 2,4k
Hà Nội"
13,13,"Yêu thích
48%
GIẢM
Tai nghe bluetooth không dây I7S TWS có micro hỗ trợ tập thể thao thích hợp cho Apple IPhone Xiaomi
Mua 2 & giảm 1%
₫100.000
₫52.500
Đã bán 12,3k
Nước ngoài"
14,14,"Yêu thích
50%
GIẢM
Chuột Logitech G102 gaming chuột chơi game có dây G102 Led RGB 8000DPI - Hàng nhập khẩu- Có Đèn LED . Chuột Dây Logitech
₫15.000 - ₫60.000
Đã bán 1,7k
Hải Dương"
15,15,"Yêu thích
50%
GIẢM
Miếng dán màn hình HD cho Mácbook ( tặng bộ khăn lâu và hỗ trợ dán màn chuyên nghiệp )
Giảm ₫5k
#Shopdacbiet
₫100.000
₫50.000
Đã bán 10,8k
Hà Nội"
16,16,"Yêu thích
50%
GIẢM
Loa bluetooth đồng hồ G5, loa mini không dây nghe nhạc làm đèn ngủ màn hình soi gương
#Shopdacbiet
Mua Kèm Deal Sốc
₫119.000 - ₫165.000
Đã bán 21,6k
Nam Định"
17,17,"Yêu thích
34%
GIẢM
Tai nghe bluetooth 5.0 True Wireless Amoi F9 Pro bản quốc tế cao cấp cảm biến vân tay , kiêm sạc dự phòng
#ShopXuHuong
Mua 3 & giảm ₫3.000
₫150.000
₫99.000
Đã bán 5,3k
Hà Nội"
18,18,"Yêu thích
38%
GIẢM
Chuột chơi game, chuột máy tính có dây LOGITECH G102 RBG Độ Chính Xác Cao 8000DPI [ Bảo Hành 12 Tháng 1 Đổi 1] Hàng OEM
#ShopXuHuong
Mua Kèm Deal Sốc
₫124.000 - ₫129.000
Đã bán 16k
Hà Nội"
19,19,"Yêu thích
Bộ phát wifi 4 râu ,cục phát wifi 4 râu xuyên tường tốc độ cao đẹp, chất lượng
#Shopdacbiet
Mua Kèm Deal Sốc
₫100.000
Đã bán 2,6k
Hà Nội"
20,20,"Yêu thích
50%
GIẢM
Mic Karaoke Ws-858, Micro Bluetooth Không Dây Kèm Loa, Vừa Nghe Nhạc Vừa Hát Karaoke
₫15.000 - ₫69.500
Đã bán 1,2k
Hải Dương"
21,21,"Yêu thích
36%
GIẢM
Tai nghe Bluetooth không dây 5.0 BINTECH - Phiên Bản Pro Nâng Cấp Pin Trâu 3000mah, Nút Cảm Ứng, Màn Hình Led Gaming
#ShopXuHuong
₫99.000 - ₫125.000
Đã bán 655
Hà Nội"
22,22,"Yêu thích
36%
GIẢM
Bộ bàn phím kèm chuột gaming có dây giả cơ tích hợp bật tắt chế độ đèn led tiện lợi dành cho game thủ, văn phòng
Mua Kèm Deal Sốc
₫43.000 - ₫125.000
Đã bán 79,8k
Hà Nội"
23,23,"Yêu thích
47%
GIẢM
Giá đỡ LAPTOP, ĐIỆN THOẠI, MÁY TÍNH bằng nhôm có thể điều chỉnh được độ cao, đế kê laptop nhôm
Mua để nhận quà
₫29.000 - ₫79.000
Đã bán 3,5k
TP. Hồ Chí Minh"
24,24,"Yêu thích
47%
GIẢM
Loa Bluetooth Hát Karaoke Tặng Kèm Mic Nghe Nhạc Cực Đã Âm Bass Cực Mạnh Loa Bluetooth Mini Hát Hay Bảo Hành 12 Tháng
Giảm ₫5k
₫68.000 - ₫168.000
Đã bán 2,1k
Hải Dương"
25,25,"Yêu thích
41%
GIẢM
Tai Nghe Gaming X15 Bluetooth 5.1 Không Dây Giảm Tiếng Ồn Cảm Ứng Điều Khiển Vân Tay Âm Thanh Hifi 9D Cho Android
₫20.000 - ₫89.000
Đã bán 11,4k
Hải Dương"
26,26,"Yêu thích
47%
GIẢM
MICRO USB HUB Bộ chuyển đổi FONKEN nối 3 cổng cắm Type-C/ V8 USB với chui cắm Micro USB dây cáp OTG cho Samsung Huawei
69% Giảm
#Shopdacbiet
₫8.000 - ₫36.000
Đã bán 1,4k
Bình Dương"
27,27,"8%
GIẢM
Bộ Bàn Phím Chuột có dây LED 7 Màu G21 Giá Rẻ (Màu Đen, Trắng) kèm Tấm lót chuột Mới Bảo hành 12 Tháng
#Shopdacbiet
Mua Kèm Deal Sốc
₫25.000 - ₫100.000
Đã bán 1,3k
Hà Nội"
28,28,"24%
GIẢM
Loa bluetooth mini nghe nhạc không dây M3 cầm tay nhỏ gọn âm thanh lớn có dây đeo
Mua Kèm Deal Sốc
₫130.000
₫99.000
Đã bán 4,1k
Hà Nội"
29,29,"Yêu thích
50%
GIẢM
Tai Nghe Mèo P47M. Mz47 Bluetooth Chụp Tai , Headphone P47m Dễ Thương Có Mic,Âm Bass Mạnh Mẽ Dung Lượng Pin Trâu
#Shopdacbiet
₫15.000 - ₫60.000
Đã bán 2,5k
Hải Dương"
30,30,"Yêu thích
44%
GIẢM
Combo Bộ Vệ Sinh + Tặng Kèm Hút Bụi Mini Cho Bàn Phím
Giảm ₫1k
#ShopXuHuong
₫45.000 - ₫55.000
Đã bán 10,3k
TP. Hồ Chí Minh"
31,31,"52%
GIẢM
Chuột không dây GOOJODOQ Bluetooth 2.4Ghz 2 trong 1 chất lượng cao for ipad
Giảm ₫11k
Mua Kèm Deal Sốc
₫200.000
₫96.000
Đã bán 42,5k
Nước ngoài"
32,32,"Yêu thích
30%
GIẢM
1 micro mini cầm tay có dây giắc cắm 3.5mm tiện lợi cho điện thoại/ máy tính xách tay
Giảm ₫5k
Mua 3 & giảm 3%
₫41.220
₫29.000
Đã bán 4,8k
Nước ngoài"
33,33,"33%
GIẢM
Tws G01 Cổ Không Dây Bluetooth 5.0 Từ Tính Thể Thao Chạy Bộ Tai Nghe Chống Nước Tai Nghe Nhét Tai Giảm Tiếng Ồn Cloud1
Mua 2 & giảm 1%
₫13.600 - ₫39.370
Đã bán 1,1k
Nước ngoài"
34,34,"41%
GIẢM
Bộ Chia 4 Cổng USB 3.0 Type C Cho Laptop Máy Tính
Mua 2 & giảm 2%
₫73.333
₫43.000
Đã bán 5,6k
Nước ngoài"
35,35,"30%
GIẢM
Chuột máy tính không dây mỏng DPI siêu bền,Bảo Hành 12 Tháng
₫7.000 - ₫35.000
Đã bán 1,6k
Hải Dương"
36,36,"Yêu thích
73%
GIẢM
USB 8GB 16GB 32GB 64GB Kim Loại Dung Lượng Đa Năng Cho Máy Tính
Giảm ₫3k
Mua 2 & giảm 5%
₫52.000 - ₫104.000
Đã bán 12,1k
Nước ngoài"
37,37,"Yêu thích
27%
GIẢM
Tai Nghe Bluetooth Không Dây I7S Tws Phù Hợp Với Android IOS
Mua để nhận quà
₫28.850 - ₫51.500
Đã bán 20,6k
Nước ngoài"
38,38,"Yêu thích
Loa Bluetooth D004B giá chỉ 109K / 1C giá tốt nhất thị trường
#Shopdacbiet
#ShopXuHuong
₫109.000
Đã bán 970
Hà Nội"
39,39,"38%
GIẢM
Bộ bàn phím + lót + chuột máy tính có dây giả cơ G21B chuột, combo bàn phím chuột sử dụng máy tính bàn
Mua Kèm Deal Sốc
₫31.000 - ₫124.000
Đã bán 19,2k
Hà Nội"
40,40,"35%
GIẢM
ổ cứng di động/ USB Sandisk 128GB (SDCZ73-G46) Ultra - Bảo hành 60 tháng
₫99.000 - ₫377.000
Đã bán 2,2k
TP. Hồ Chí Minh"
41,41,"48%
GIẢM
Tai Nghe Chụp Tai Bluetooth Y08, P47 Tai Không Dây Có Mic, Âm Bass Cực Chất, Nghe Nhạc Cực Hay
₫50.000 - ₫55.000
Đã bán 1,5k
Hải Dương"
42,42,"Yêu thích
Kệ để LAPTOP,MACBOOK ,IPAD có đế tản nhiệt laptop để bàn có thể điều chỉnh được độ cao, đế tản nhiệt kê laptop Nhựa ABS
₫15.000 - ₫65.000
Đã bán 2,1k
Hà Nội"
43,43,"50%
GIẢM
Bàn Phím Máy Tính Gaming RGB SIDOTECH LDK V4 Pro Có Dây / Đèn LED RGB Chống Nước Chơi Game Máy Tính Esport - Chính Hãng
Giảm ₫5k
₫123.000 - ₫264.000
Đã bán 10,3k
Hà Nội"
44,44,"Yêu thích
Loa Bluetooth Ssr Charge 3+ V5.0 Loa Mini Không Dây Pin Khủng Âm Cực Hay
Giảm ₫5k
#Shopdacbiet
₫109.900 - ₫119.900
Đã bán 13,4k
TP. Hồ Chí Minh"
45,45,"43%
GIẢM
Tai Nghe Chụp Tai Bluetooth Không Dây M6 Có Thể Gấp Gọn Tiện Lợi
Mua 2 & giảm 2%
₫30.400 - ₫73.000
Đã bán 1,6k
Nước ngoài"
46,46,"38%
GIẢM
UGREEN USB Bluetooth 5.3 5.0 Bộ thu phát không dây bộ chuyển đổi không dây cho PC Windows 11 10 8.1bluetooth Tai nghe âm thanh nổi
Giảm ₫30k
Mua 2 & giảm 4%
₫169.000 - ₫229.000
Đã bán 1,1k
Nước ngoài"
47,47,"32%
GIẢM
Chuột Bluetooth không dây Chất lượng cao Chuột im lặng quang học Chuột chơi game máy tính tiện dụng USB dành cho máy tính xách tay
Giảm ₫2k
Mua 3 & giảm 2%
₫61.200 - ₫68.400
Đã bán 3,1k
Nước ngoài"
48,48,"38%
GIẢM
Loa bluetooth nghe nhạc mini F4 hình đầu cho Bull vỏ chống thấm nước, hỗ trợ cắm thẻ nhớ
Mua Kèm Deal Sốc
₫160.000
₫99.000
Đã bán 9,3k
Hà Nội"
49,49,"Yêu thích
40%
GIẢM
Tai Nghe Chụp Tai bluetooth Thời Trang Và Phong Cách Âm Bass Ấm Sống Động Có Mic Đàm Thoại Cho Học Tập Giải Trí
Giảm ₫15k
₫450.000
₫268.000
Đã bán 1,3k
Hà Nội"
50,50,"Yêu thích
41%
GIẢM
Túi đựng laptop chống thấm nước mềm mại nhiều màu sắc
6% Giảm
Mua 2 & giảm 3%
₫70.000 - ₫80.800
Đã bán 1,8k
Nước ngoài"
51,51,"Yêu thích
[QR Code] Mã QR chất liệu Mica để bàn, hỗ trợ thanh toán cho các Shop bán hàng Offline, Online
#Shopdacbiet
₫50.000 - ₫65.000
Đã bán 2,8k
Hà Nội"
52,52,"44%
GIẢM
Loa bluetooth nghe nhạc mini GrownTech charge 3+ mini 10W chống nước vỏ nhôm cao cấp
#Shopdacbiet
₫139.000 - ₫159.000
Đã bán 3,2k
TP. Hồ Chí Minh"
53,53,"Yêu thích
42%
GIẢM
Tai nghe nhét tai không dây J18 TWS Bluetooth 5.0 âm thanh nổi bật cảm ứng
Giảm ₫9k
₫175.000 - ₫185.000
Đã bán 1,2k
Nước ngoài"
54,54,"Phễu đổ mực - dành tặng khi khách mua đơn từ 10 chai mực bất kỳ trong shop Vinhhung212
#Shopdacbiet
₫3.000
Đã bán 5,1k
TP. Hồ Chí Minh"
55,55,"46%
GIẢM
Chuột game Logitech G102 - (Led đổi màu)- HÀNG CÔNG TY độ nhạy thiết kế cho game đỉnh, kiểu dáng trẻ trung năng động
Mua 2 & giảm ₫3.000
₫139.000
₫75.000
Đã bán 3,8k
TP. Hồ Chí Minh"
56,56,"50%
GIẢM
Loa Bluetooth Không Dây Cầm Tay Charge 3 Mini Nghe Nhạc Hay, Hỗ Trợ Cắm Usb Thẻ Nhớ Tf Nhỏ Gọn Giá Rẻ Đẹp
₫179.000
₫89.500
Đã bán 1,9k
Nam Định"
57,57,"Yêu thích
37%
GIẢM
Tai Nghe Bluetooth 5.0 TWS Không Dây Đeo Cổ Có Mic Giảm Tiếng Ồn
Mua 3 & giảm 2%
₫31.500 - ₫32.500
Đã bán 4,2k
Nước ngoài"
58,58,"50%
GIẢM
Máy In Nhiệt Mini cầm tay Bluetooth dành cho nhân viên văn phòng và sinh viên siêu dễ thương
#Shopdacbiet
Mua 2 & giảm ₫5.000
₫59.000 - ₫229.000
Đã bán 5,6k
TP. Hồ Chí Minh"
59,59,"44%
GIẢM
Bàn Phím CƠ ZIYOU K3 Luxury Cao Cấp, Phím Gõ Êm Sử Dụng Trục Cơ Red Switch, Led 16,5 Triệu Màu 10 Chế Độ, Bảo Hành 12t
Giảm ₫50k
₫1.100.000
₫619.000
Đã bán 2,7k
Hà Nội"
