,name,price
0,"Loa bluetooth mini không dây,nghe nhạc,giá rẻ,công nghệ blutooth 5.0 BINTECH",60.000
1,"Tai nghe bluetooth MINPRO M10 PRO, tai nghe không dây nghe nhạc chơi game công nghệ bluetooth 5.0",119.000
2,Dầu Mỡ VCK Lube Switch/Stab | GPL 105/205G0 | Permatex XHT-BDZ | Krytox Gateron Akko Cherry Jwick KTT | VCK,26.868 - 99.999
3,Bộ Mở Rộng Sóng Wifi Totolink EX200 Chuẩn N Tốc Độ 300Mbps - Hãng phân phối chính thức,179.000 - 191.000
4,QKCASE - Loa Bluetooth Mini - Loa Trứng Nhấp Nháy (Loa Blt),13.900 - 40.000
5,"Tai nghe chụp tai không dây bluetooth STN28 màu sắc cute,âm thanh ấm bass mạnh- Phụ Kiện 123",85.000 - 199.000
6,Switch phím cơ Coputa trục cơ bàn phím Blue Switch/Red Switch/Brown Switch/Black Switch,2.500 - 10.000
7,Miếng dán màn hình HD cho Mácbook ( tặng bộ khăn lâu và hỗ trợ dán màn chuyên nghiệp ),50.000
8,"Loa bluetooth mini CHARGE 311 không dây, nghe nhạc, giá rẻ, âm thanh chất lượng MINPRO",89.000
9,"Tai Nghe Bluetooth M10 Pro Tai Nghe Không M10 Pro Phiên Bản Nâng Cấp Pin Trâu, Nút Cảm Ứng Tự Động Kết Nối - BINTECH",125.000
10,Chuột Logitech G102 gaming chuột chơi game có dây G102 Led RGB 8000DPI - Hàng nhập khẩu- Có Đèn LED . Chuột Dây Logitech,15.000 - 60.000
11,bộ phát wifi tplink cục phát wifi tplink 2 râu wr 842N giá rẻ,20.000 - 95.000
12,Loa xách tay bluetooth speaker H.S.L.H Âm thanh đỉnh cao BT 201 Bảo Hành Chính Hãng 6 tháng 1 đổi 1,97.600 - 164.000
13,Tai nghe bluetooth không dây I7S  TWS có micro hỗ trợ tập thể thao thích hợp cho Apple IPhone Xiaomi,52.500
14,[Chính hãng] Switch lẻ thay nóng cho bàn phím cơ AKKO CS switch| Jelly switch &amp; TTC switch - Hàng mới 100%,5.100 - 14.990
15,Quạt Tản Nhiệt - Fan Led RGB Cắm nguồn trực tiếp không qua HUB WM Star V8  S2 33 Bóng,36.666 - 39.000
16,"Mic Karaoke Ws-858, Micro Bluetooth Không Dây Kèm Loa, Vừa Nghe Nhạc Vừa Hát Karaoke",15.000 - 69.500
17,"Tai nghe bluetooth 5.0 True Wireless Amoi F9 Pro bản quốc tế cao cấp cảm biến vân tay , kiêm sạc dự phòng",99.000
18,"Chuột chơi game, chuột máy tính có dây LOGITECH G102 RBG Độ Chính Xác Cao 8000DPI [ Bảo Hành 12 Tháng 1 Đổi 1] Hàng OEM",124.000 - 129.000
19,MICRO USB HUB Bộ chuyển đổi FONKEN nối 3 cổng cắm Type-C/ V8 USB với chui cắm  Micro USB dây cáp OTG cho Samsung Huawei,8.000 - 36.000
20,"Loa bluetooth đồng hồ G5, loa mini không dây nghe nhạc làm đèn ngủ màn hình soi gương",119.000 - 165.000
21,"Tai nghe Bluetooth không dây 5.0 BINTECH - Phiên Bản Pro Nâng Cấp Pin Trâu 3000mah, Nút Cảm Ứng, Màn Hình Led Gaming",99.000 - 125.000
22,"Bộ bàn phím kèm chuột gaming có dây giả cơ tích hợp bật tắt chế độ đèn led tiện lợi dành cho game thủ, văn phòng",43.000 - 125.000
23,"Bộ phát wifi 4 râu ,cục phát wifi 4 râu xuyên tường tốc độ cao đẹp, chất lượng",100.000
24,Loa Bluetooth Hát Karaoke Tặng Kèm Mic Nghe Nhạc Cực Đã Âm Bass Cực Mạnh Loa Bluetooth Mini Hát Hay Bảo Hành 12 Tháng,68.000 - 168.000
25,"Tai Nghe Mèo P47M. Mz47 Bluetooth Chụp Tai , Headphone P47m Dễ Thương Có Mic,Âm Bass Mạnh Mẽ Dung Lượng Pin Trâu",15.000 - 60.000
26,"Giá đỡ LAPTOP, ĐIỆN THOẠI, MÁY TÍNH bằng nhôm có thể điều chỉnh được độ cao,  đế kê laptop nhôm (  giao màu ngẫu nhiên )",29.000 - 79.000
27,"Bộ Bàn Phím Chuột có dây LED 7 Màu G21 Giá Rẻ (Màu Đen, Trắng) kèm Tấm lót chuột Mới Bảo hành 12 Tháng",25.000 - 100.000
28,Loa bluetooth mini nghe nhạc không dây M3 cầm tay nhỏ gọn âm thanh lớn có dây đeo,99.000
29,Tai Nghe Gaming X15 Bluetooth 5.1 Không Dây Giảm Tiếng Ồn Cảm Ứng Điều Khiển Vân Tay Âm Thanh  Hifi 9D Cho Android,20.000 - 89.000
30,Combo Bộ Vệ Sinh + Tặng Kèm Hút Bụi Mini Cho Bàn Phím,45.000 - 55.000
31,USB 8GB 16GB 32GB 64GB Kim Loại Dung Lượng Đa Năng Cho Máy Tính,52.000 - 104.000
32,1 micro mini cầm tay có dây giắc cắm 3.5mm tiện lợi cho điện thoại/ máy tính xách tay,29.000
33,Tws G01 Cổ Không Dây Bluetooth 5.0 Từ Tính Thể Thao Chạy Bộ Tai Nghe Chống Nước Tai Nghe Nhét Tai Giảm Tiếng Ồn Cloud1,13.600 - 39.370
34,Bộ Chia 4 Cổng USB 3.0 Type C Cho Laptop Máy Tính,43.000
35,ổ cứng di động/ USB Sandisk 128GB (SDCZ73-G46) Ultra - Bảo hành 60 tháng,99.000 - 377.000
36,"Chuột máy tính không dây mỏng DPI siêu bền,Bảo Hành 12 Tháng",7.000 - 35.000
37,Tai Nghe Bluetooth Không Dây I7S Tws Phù Hợp Với Android IOS,28.850 - 51.500
38,Phễu đổ mực - dành tặng khi khách mua đơn từ 10 chai mực bất kỳ trong shop Vinhhung212,3.000
39,UGREEN USB Bluetooth 5.3 5.0 Bộ thu phát không dây bộ chuyển đổi không dây cho PC Windows 11 10 8.1bluetooth Tai nghe âm thanh nổi,169.000 - 229.000
40,Bàn Phím Máy Tính Gaming RGB SIDOTECH LDK V4 Pro Có Dây / Đèn LED RGB Chống Nước Chơi Game Máy Tính Esport - Chính Hãng,126.000 - 266.000
41,"Tai Nghe Chụp Tai Bluetooth Y08, P47 Tai Không Dây Có Mic, Âm Bass Cực Chất, Nghe Nhạc Cực Hay",50.000 - 55.000
42,Túi đựng laptop chống thấm nước mềm mại nhiều màu sắc,70.000 - 80.800
43,"Loa Bluetooth Không Dây Cầm Tay Charge 3 Mini Nghe Nhạc Hay, Hỗ Trợ Cắm Usb Thẻ Nhớ Tf Nhỏ Gọn Giá Rẻ Đẹp",89.500
44,Chuột Bluetooth không dây Chất lượng cao Chuột im lặng quang học Chuột chơi game máy tính tiện dụng USB dành cho máy tính xách tay,61.500 - 68.800
45,Tai Nghe Chụp Tai Bluetooth Không Dây M6 Có Thể Gấp Gọn Tiện Lợi,37.600 - 76.450
46,"Kệ để LAPTOP,MACBOOK ,IPAD có đế tản nhiệt laptop để bàn có thể điều chỉnh được độ cao, đế tản nhiệt kê laptop Nhựa ABS",15.000 - 65.000
47,Loa Bluetooth D004B giá chỉ 109K / 1C giá tốt nhất thị trường,109.000
48,"Bộ bàn phím + lót + chuột máy tính có dây giả cơ G21B chuột, combo bàn phím chuột sử dụng máy tính bàn",31.000 - 124.000
49,Tai nghe không dây Bluetooth TWS AMoi F9 Pro - Chống nước IP67 - Pin 2000maH - Dùng 600 tiếng,101.000
50,Bàn học để laptop có khe ipad gấp gọn + Tặng 3 bút bi nước,67.000 - 75.000
51,"Loa bluetooth nghe nhạc mini F4 hình đầu cho Bull vỏ chống thấm nước, hỗ trợ cắm thẻ nhớ",85.000
52,Chuột không dây GOOJODOQ Bluetooth 2.4Ghz 2 trong 1 chất lượng cao for ipad,96.000
53,Tai Nghe Chụp Tai bluetooth Thời Trang Và Phong Cách Âm Bass Ấm Sống Động Có Mic Đàm Thoại Cho Học Tập Giải Trí,268.000
54,"[QR Code] Mã QR chất liệu Mica để bàn, hỗ trợ thanh toán cho các Shop bán hàng Offline, Online",50.000 - 65.000
55,Loa Bluetooth Ssr Charge 3+ V5.0 Loa Mini Không Dây Pin Khủng Âm Cực Hay,99.000
56,"Bàn Phím CƠ ZIYOU K3 Luxury Cao Cấp, Phím Gõ Êm Sử Dụng Trục Cơ Red Switch, Led 16,5 Triệu Màu 10 Chế Độ, Bảo Hành 12t",576.000
57,Tai nghe nhét tai không dây J18 TWS Bluetooth 5.0 âm thanh nổi bật cảm ứng,175.000 - 185.000
58,"Đầu chuyển đổi OTG Baseus Ugreen 2.0 3.0 Type C  sang USB A và USB sang Type C sạc, truyền dữ liệu tốc độ cao",59.000 - 109.000
59,Loa Máy Tính Gaming Cắm Nguồn USB Hiệu Ứng Đèn LED Âm Thanh HD Chất Lượng Cao - ADP1046 / 101Z,35.000 - 68.000
