,name,price,discount
0,"<div class=""_1yN94N WoKSjC _2KkMCe"">Loa bluetooth mini không dây,nghe nhạc,giá rẻ,công nghệ blutooth 5.0 BINTECH</div>","<div class=""cbl0HO MUmBjS""><span class=""UBgKW+"">₫</span><span class=""du3pq0"">60.000</span></div>","<div class=""oiV-yk oqpuuD POAPqq""><span class=""percent"">50%</span><span class=""Y0e-H2"">giảm</span></div>"
1,"<div class=""_1yN94N WoKSjC _2KkMCe"">Tai nghe bluetooth MINPRO M10 PRO, tai nghe không dây nghe nhạc chơi game công nghệ bluetooth 5.0</div>","<div class=""cbl0HO MUmBjS""><span class=""UBgKW+"">₫</span><span class=""du3pq0"">119.000</span></div>","<div class=""oiV-yk oqpuuD POAPqq""><span class=""percent"">40%</span><span class=""Y0e-H2"">giảm</span></div>"
2,"<div class=""_1yN94N WoKSjC _2KkMCe"">Dầu Mỡ VCK Lube Switch/Stab | GPL 105/205G0 | Permatex XHT-BDZ | Krytox Gateron Akko Cherry Jwick KTT | VCK</div>","<div class=""cbl0HO MUmBjS""><span class=""UBgKW+"">₫</span><span class=""du3pq0"">26.868</span> - <span class=""UBgKW+"">₫</span><span class=""du3pq0"">99.999</span></div>",
3,"<div class=""_1yN94N WoKSjC _2KkMCe"">Bộ Mở Rộng Sóng Wifi Totolink EX200 Chuẩn N Tốc Độ 300Mbps - Hãng phân phối chính thức</div>","<div class=""cbl0HO MUmBjS""><span class=""UBgKW+"">₫</span><span class=""du3pq0"">179.000</span> - <span class=""UBgKW+"">₫</span><span class=""du3pq0"">191.000</span></div>",
4,"<div class=""_1yN94N WoKSjC _2KkMCe"">QKCASE - Loa Bluetooth Mini - Loa Trứng Nhấp Nháy (Loa Blt)</div>","<div class=""cbl0HO MUmBjS""><span class=""UBgKW+"">₫</span><span class=""du3pq0"">13.900</span> - <span class=""UBgKW+"">₫</span><span class=""du3pq0"">40.000</span></div>",
5,"<div class=""_1yN94N WoKSjC _2KkMCe"">Tai nghe chụp tai không dây bluetooth STN28 màu sắc cute,âm thanh ấm bass mạnh- Phụ Kiện 123</div>","<div class=""cbl0HO MUmBjS""><span class=""UBgKW+"">₫</span><span class=""du3pq0"">85.000</span> - <span class=""UBgKW+"">₫</span><span class=""du3pq0"">199.000</span></div>","<div class=""oiV-yk oqpuuD POAPqq""><span class=""percent"">34%</span><span class=""Y0e-H2"">giảm</span></div>"
6,"<div class=""_1yN94N WoKSjC _2KkMCe"">Switch phím cơ Coputa trục cơ bàn phím Blue Switch/Red Switch/Brown Switch/Black Switch</div>","<div class=""cbl0HO MUmBjS""><span class=""UBgKW+"">₫</span><span class=""du3pq0"">2.500</span> - <span class=""UBgKW+"">₫</span><span class=""du3pq0"">10.000</span></div>","<div class=""oiV-yk oqpuuD POAPqq""><span class=""percent"">50%</span><span class=""Y0e-H2"">giảm</span></div>"
7,"<div class=""_1yN94N WoKSjC _2KkMCe"">Miếng dán màn hình HD cho Mácbook ( tặng bộ khăn lâu và hỗ trợ dán màn chuyên nghiệp )</div>","<div class=""cbl0HO MUmBjS""><span class=""UBgKW+"">₫</span><span class=""du3pq0"">50.000</span></div>","<div class=""oiV-yk oqpuuD POAPqq""><span class=""percent"">50%</span><span class=""Y0e-H2"">giảm</span></div>"
8,"<div class=""_1yN94N WoKSjC _2KkMCe"">Loa bluetooth mini CHARGE 311 không dây, nghe nhạc, giá rẻ, âm thanh chất lượng MINPRO</div>","<div class=""cbl0HO MUmBjS""><span class=""UBgKW+"">₫</span><span class=""du3pq0"">89.000</span></div>","<div class=""oiV-yk oqpuuD POAPqq""><span class=""percent"">41%</span><span class=""Y0e-H2"">giảm</span></div>"
9,"<div class=""_1yN94N WoKSjC _2KkMCe"">Tai Nghe Bluetooth M10 Pro Tai Nghe Không M10 Pro Phiên Bản Nâng Cấp Pin Trâu, Nút Cảm Ứng Tự Động Kết Nối - BINTECH</div>","<div class=""cbl0HO MUmBjS""><span class=""UBgKW+"">₫</span><span class=""du3pq0"">125.000</span></div>","<div class=""oiV-yk oqpuuD POAPqq""><span class=""percent"">50%</span><span class=""Y0e-H2"">giảm</span></div>"
10,"<div class=""_1yN94N WoKSjC _2KkMCe"">Chuột Logitech G102 gaming chuột chơi game có dây G102 Led RGB 8000DPI - Hàng nhập khẩu- Có Đèn LED . Chuột Dây Logitech</div>","<div class=""cbl0HO MUmBjS""><span class=""UBgKW+"">₫</span><span class=""du3pq0"">15.000</span> - <span class=""UBgKW+"">₫</span><span class=""du3pq0"">60.000</span></div>","<div class=""oiV-yk oqpuuD POAPqq""><span class=""percent"">50%</span><span class=""Y0e-H2"">giảm</span></div>"
11,"<div class=""_1yN94N WoKSjC _2KkMCe"">bộ phát wifi tplink cục phát wifi tplink 2 râu wr 842N giá rẻ</div>","<div class=""cbl0HO MUmBjS""><span class=""UBgKW+"">₫</span><span class=""du3pq0"">20.000</span> - <span class=""UBgKW+"">₫</span><span class=""du3pq0"">95.000</span></div>",
12,"<div class=""_1yN94N WoKSjC _2KkMCe"">Loa xách tay bluetooth speaker H.S.L.H Âm thanh đỉnh cao BT 201 Bảo Hành Chính Hãng 6 tháng 1 đổi 1</div>","<div class=""cbl0HO MUmBjS""><span class=""UBgKW+"">₫</span><span class=""du3pq0"">97.600</span> - <span class=""UBgKW+"">₫</span><span class=""du3pq0"">164.000</span></div>","<div class=""oiV-yk oqpuuD POAPqq""><span class=""percent"">46%</span><span class=""Y0e-H2"">giảm</span></div>"
13,"<div class=""_1yN94N WoKSjC _2KkMCe"">Tai nghe bluetooth không dây I7S  TWS có micro hỗ trợ tập thể thao thích hợp cho Apple IPhone Xiaomi</div>","<div class=""cbl0HO MUmBjS""><span class=""UBgKW+"">₫</span><span class=""du3pq0"">52.500</span></div>","<div class=""oiV-yk oqpuuD POAPqq""><span class=""percent"">48%</span><span class=""Y0e-H2"">giảm</span></div>"
14,"<div class=""_1yN94N WoKSjC _2KkMCe"">[Chính hãng] Switch lẻ thay nóng cho bàn phím cơ AKKO CS switch| Jelly switch &amp; TTC switch - Hàng mới 100%</div>","<div class=""cbl0HO MUmBjS""><span class=""UBgKW+"">₫</span><span class=""du3pq0"">5.100</span> - <span class=""UBgKW+"">₫</span><span class=""du3pq0"">14.990</span></div>","<div class=""oiV-yk oqpuuD POAPqq""><span class=""percent"">7%</span><span class=""Y0e-H2"">giảm</span></div>"
15,"<div class=""_1yN94N WoKSjC _2KkMCe"">Quạt Tản Nhiệt - Fan Led RGB Cắm nguồn trực tiếp không qua HUB WM Star V8  S2 33 Bóng</div>","<div class=""cbl0HO MUmBjS""><span class=""UBgKW+"">₫</span><span class=""du3pq0"">36.666</span> - <span class=""UBgKW+"">₫</span><span class=""du3pq0"">39.000</span></div>","<div class=""oiV-yk oqpuuD POAPqq""><span class=""percent"">44%</span><span class=""Y0e-H2"">giảm</span></div>"
16,"<div class=""_1yN94N WoKSjC _2KkMCe"">Mic Karaoke Ws-858, Micro Bluetooth Không Dây Kèm Loa, Vừa Nghe Nhạc Vừa Hát Karaoke</div>","<div class=""cbl0HO MUmBjS""><span class=""UBgKW+"">₫</span><span class=""du3pq0"">15.000</span> - <span class=""UBgKW+"">₫</span><span class=""du3pq0"">69.500</span></div>","<div class=""oiV-yk oqpuuD POAPqq""><span class=""percent"">50%</span><span class=""Y0e-H2"">giảm</span></div>"
17,"<div class=""_1yN94N WoKSjC _2KkMCe"">Tai nghe bluetooth 5.0 True Wireless Amoi F9 Pro bản quốc tế cao cấp cảm biến vân tay , kiêm sạc dự phòng</div>","<div class=""cbl0HO MUmBjS""><span class=""UBgKW+"">₫</span><span class=""du3pq0"">99.000</span></div>","<div class=""oiV-yk oqpuuD POAPqq""><span class=""percent"">34%</span><span class=""Y0e-H2"">giảm</span></div>"
18,"<div class=""_1yN94N WoKSjC _2KkMCe"">Chuột chơi game, chuột máy tính có dây LOGITECH G102 RBG Độ Chính Xác Cao 8000DPI [ Bảo Hành 12 Tháng 1 Đổi 1] Hàng OEM</div>","<div class=""cbl0HO MUmBjS""><span class=""UBgKW+"">₫</span><span class=""du3pq0"">124.000</span> - <span class=""UBgKW+"">₫</span><span class=""du3pq0"">129.000</span></div>","<div class=""oiV-yk oqpuuD POAPqq""><span class=""percent"">38%</span><span class=""Y0e-H2"">giảm</span></div>"
19,"<div class=""_1yN94N WoKSjC _2KkMCe"">MICRO USB HUB Bộ chuyển đổi FONKEN nối 3 cổng cắm Type-C/ V8 USB với chui cắm  Micro USB dây cáp OTG cho Samsung Huawei</div>","<div class=""cbl0HO MUmBjS""><span class=""UBgKW+"">₫</span><span class=""du3pq0"">8.000</span> - <span class=""UBgKW+"">₫</span><span class=""du3pq0"">36.000</span></div>","<div class=""oiV-yk oqpuuD POAPqq""><span class=""percent"">47%</span><span class=""Y0e-H2"">giảm</span></div>"
20,"<div class=""_1yN94N WoKSjC _2KkMCe"">Loa bluetooth đồng hồ G5, loa mini không dây nghe nhạc làm đèn ngủ màn hình soi gương</div>","<div class=""cbl0HO MUmBjS""><span class=""UBgKW+"">₫</span><span class=""du3pq0"">119.000</span> - <span class=""UBgKW+"">₫</span><span class=""du3pq0"">165.000</span></div>","<div class=""oiV-yk oqpuuD POAPqq""><span class=""percent"">50%</span><span class=""Y0e-H2"">giảm</span></div>"
21,"<div class=""_1yN94N WoKSjC _2KkMCe"">Tai nghe Bluetooth không dây 5.0 BINTECH - Phiên Bản Pro Nâng Cấp Pin Trâu 3000mah, Nút Cảm Ứng, Màn Hình Led Gaming</div>","<div class=""cbl0HO MUmBjS""><span class=""UBgKW+"">₫</span><span class=""du3pq0"">99.000</span> - <span class=""UBgKW+"">₫</span><span class=""du3pq0"">125.000</span></div>","<div class=""oiV-yk oqpuuD POAPqq""><span class=""percent"">36%</span><span class=""Y0e-H2"">giảm</span></div>"
22,"<div class=""_1yN94N WoKSjC _2KkMCe"">Bộ bàn phím kèm chuột gaming có dây giả cơ tích hợp bật tắt chế độ đèn led tiện lợi dành cho game thủ, văn phòng</div>","<div class=""cbl0HO MUmBjS""><span class=""UBgKW+"">₫</span><span class=""du3pq0"">43.000</span> - <span class=""UBgKW+"">₫</span><span class=""du3pq0"">125.000</span></div>","<div class=""oiV-yk oqpuuD POAPqq""><span class=""percent"">36%</span><span class=""Y0e-H2"">giảm</span></div>"
23,"<div class=""_1yN94N WoKSjC _2KkMCe"">Bộ phát wifi 4 râu ,cục phát wifi 4 râu xuyên tường tốc độ cao đẹp, chất lượng</div>","<div class=""cbl0HO MUmBjS""><span class=""UBgKW+"">₫</span><span class=""du3pq0"">100.000</span></div>",
24,"<div class=""_1yN94N WoKSjC _2KkMCe"">Loa Bluetooth Hát Karaoke Tặng Kèm Mic Nghe Nhạc Cực Đã Âm Bass Cực Mạnh Loa Bluetooth Mini Hát Hay Bảo Hành 12 Tháng</div>","<div class=""cbl0HO MUmBjS""><span class=""UBgKW+"">₫</span><span class=""du3pq0"">68.000</span> - <span class=""UBgKW+"">₫</span><span class=""du3pq0"">168.000</span></div>","<div class=""oiV-yk oqpuuD POAPqq""><span class=""percent"">47%</span><span class=""Y0e-H2"">giảm</span></div>"
25,"<div class=""_1yN94N WoKSjC _2KkMCe"">Tai Nghe Mèo P47M. Mz47 Bluetooth Chụp Tai , Headphone P47m Dễ Thương Có Mic,Âm Bass Mạnh Mẽ Dung Lượng Pin Trâu</div>","<div class=""cbl0HO MUmBjS""><span class=""UBgKW+"">₫</span><span class=""du3pq0"">15.000</span> - <span class=""UBgKW+"">₫</span><span class=""du3pq0"">60.000</span></div>","<div class=""oiV-yk oqpuuD POAPqq""><span class=""percent"">50%</span><span class=""Y0e-H2"">giảm</span></div>"
26,"<div class=""_1yN94N WoKSjC _2KkMCe"">Giá đỡ LAPTOP, ĐIỆN THOẠI, MÁY TÍNH bằng nhôm có thể điều chỉnh được độ cao,  đế kê laptop nhôm (  giao màu ngẫu nhiên )</div>","<div class=""cbl0HO MUmBjS""><span class=""UBgKW+"">₫</span><span class=""du3pq0"">29.000</span> - <span class=""UBgKW+"">₫</span><span class=""du3pq0"">79.000</span></div>","<div class=""oiV-yk oqpuuD POAPqq""><span class=""percent"">47%</span><span class=""Y0e-H2"">giảm</span></div>"
27,"<div class=""_1yN94N WoKSjC _2KkMCe"">Bộ Bàn Phím Chuột có dây LED 7 Màu G21 Giá Rẻ (Màu Đen, Trắng) kèm Tấm lót chuột Mới Bảo hành 12 Tháng</div>","<div class=""cbl0HO MUmBjS""><span class=""UBgKW+"">₫</span><span class=""du3pq0"">25.000</span> - <span class=""UBgKW+"">₫</span><span class=""du3pq0"">100.000</span></div>","<div class=""oiV-yk oqpuuD POAPqq""><span class=""percent"">8%</span><span class=""Y0e-H2"">giảm</span></div>"
28,"<div class=""_1yN94N WoKSjC _2KkMCe"">Loa bluetooth mini nghe nhạc không dây M3 cầm tay nhỏ gọn âm thanh lớn có dây đeo</div>","<div class=""cbl0HO MUmBjS""><span class=""UBgKW+"">₫</span><span class=""du3pq0"">99.000</span></div>","<div class=""oiV-yk oqpuuD POAPqq""><span class=""percent"">24%</span><span class=""Y0e-H2"">giảm</span></div>"
29,"<div class=""_1yN94N WoKSjC _2KkMCe"">Tai Nghe Gaming X15 Bluetooth 5.1 Không Dây Giảm Tiếng Ồn Cảm Ứng Điều Khiển Vân Tay Âm Thanh  Hifi 9D Cho Android</div>","<div class=""cbl0HO MUmBjS""><span class=""UBgKW+"">₫</span><span class=""du3pq0"">20.000</span> - <span class=""UBgKW+"">₫</span><span class=""du3pq0"">89.000</span></div>","<div class=""oiV-yk oqpuuD POAPqq""><span class=""percent"">41%</span><span class=""Y0e-H2"">giảm</span></div>"
30,"<div class=""_1yN94N WoKSjC _2KkMCe"">Combo Bộ Vệ Sinh + Tặng Kèm Hút Bụi Mini Cho Bàn Phím</div>","<div class=""cbl0HO MUmBjS""><span class=""UBgKW+"">₫</span><span class=""du3pq0"">45.000</span> - <span class=""UBgKW+"">₫</span><span class=""du3pq0"">55.000</span></div>","<div class=""oiV-yk oqpuuD POAPqq""><span class=""percent"">44%</span><span class=""Y0e-H2"">giảm</span></div>"
31,"<div class=""_1yN94N WoKSjC _2KkMCe"">USB 8GB 16GB 32GB 64GB Kim Loại Dung Lượng Đa Năng Cho Máy Tính</div>","<div class=""cbl0HO MUmBjS""><span class=""UBgKW+"">₫</span><span class=""du3pq0"">52.000</span> - <span class=""UBgKW+"">₫</span><span class=""du3pq0"">104.000</span></div>","<div class=""oiV-yk oqpuuD POAPqq""><span class=""percent"">73%</span><span class=""Y0e-H2"">giảm</span></div>"
32,"<div class=""_1yN94N WoKSjC _2KkMCe"">1 micro mini cầm tay có dây giắc cắm 3.5mm tiện lợi cho điện thoại/ máy tính xách tay</div>","<div class=""cbl0HO MUmBjS""><span class=""UBgKW+"">₫</span><span class=""du3pq0"">29.000</span></div>","<div class=""oiV-yk oqpuuD POAPqq""><span class=""percent"">30%</span><span class=""Y0e-H2"">giảm</span></div>"
33,"<div class=""_1yN94N WoKSjC _2KkMCe"">Tws G01 Cổ Không Dây Bluetooth 5.0 Từ Tính Thể Thao Chạy Bộ Tai Nghe Chống Nước Tai Nghe Nhét Tai Giảm Tiếng Ồn Cloud1</div>","<div class=""cbl0HO MUmBjS""><span class=""UBgKW+"">₫</span><span class=""du3pq0"">13.600</span> - <span class=""UBgKW+"">₫</span><span class=""du3pq0"">39.370</span></div>","<div class=""oiV-yk oqpuuD POAPqq""><span class=""percent"">33%</span><span class=""Y0e-H2"">giảm</span></div>"
34,"<div class=""_1yN94N WoKSjC _2KkMCe"">Bộ Chia 4 Cổng USB 3.0 Type C Cho Laptop Máy Tính</div>","<div class=""cbl0HO MUmBjS""><span class=""UBgKW+"">₫</span><span class=""du3pq0"">43.000</span></div>","<div class=""oiV-yk oqpuuD POAPqq""><span class=""percent"">41%</span><span class=""Y0e-H2"">giảm</span></div>"
35,"<div class=""_1yN94N WoKSjC _2KkMCe"">ổ cứng di động/ USB Sandisk 128GB (SDCZ73-G46) Ultra - Bảo hành 60 tháng</div>","<div class=""cbl0HO MUmBjS""><span class=""UBgKW+"">₫</span><span class=""du3pq0"">99.000</span> - <span class=""UBgKW+"">₫</span><span class=""du3pq0"">377.000</span></div>","<div class=""oiV-yk oqpuuD POAPqq""><span class=""percent"">35%</span><span class=""Y0e-H2"">giảm</span></div>"
36,"<div class=""_1yN94N WoKSjC _2KkMCe"">Chuột máy tính không dây mỏng DPI siêu bền,Bảo Hành 12 Tháng</div>","<div class=""cbl0HO MUmBjS""><span class=""UBgKW+"">₫</span><span class=""du3pq0"">7.000</span> - <span class=""UBgKW+"">₫</span><span class=""du3pq0"">35.000</span></div>","<div class=""oiV-yk oqpuuD POAPqq""><span class=""percent"">30%</span><span class=""Y0e-H2"">giảm</span></div>"
37,"<div class=""_1yN94N WoKSjC _2KkMCe"">Tai Nghe Bluetooth Không Dây I7S Tws Phù Hợp Với Android IOS</div>","<div class=""cbl0HO MUmBjS""><span class=""UBgKW+"">₫</span><span class=""du3pq0"">28.850</span> - <span class=""UBgKW+"">₫</span><span class=""du3pq0"">51.500</span></div>","<div class=""oiV-yk oqpuuD POAPqq""><span class=""percent"">27%</span><span class=""Y0e-H2"">giảm</span></div>"
38,"<div class=""_1yN94N WoKSjC _2KkMCe"">Phễu đổ mực - dành tặng khi khách mua đơn từ 10 chai mực bất kỳ trong shop Vinhhung212</div>","<div class=""cbl0HO MUmBjS""><span class=""UBgKW+"">₫</span><span class=""du3pq0"">3.000</span></div>",
39,"<div class=""_1yN94N WoKSjC _2KkMCe"">UGREEN USB Bluetooth 5.3 5.0 Bộ thu phát không dây bộ chuyển đổi không dây cho PC Windows 11 10 8.1bluetooth Tai nghe âm thanh nổi</div>","<div class=""cbl0HO MUmBjS""><span class=""UBgKW+"">₫</span><span class=""du3pq0"">169.000</span> - <span class=""UBgKW+"">₫</span><span class=""du3pq0"">229.000</span></div>","<div class=""oiV-yk oqpuuD POAPqq""><span class=""percent"">38%</span><span class=""Y0e-H2"">giảm</span></div>"
40,"<div class=""_1yN94N WoKSjC _2KkMCe"">Bàn Phím Máy Tính Gaming RGB SIDOTECH LDK V4 Pro Có Dây / Đèn LED RGB Chống Nước Chơi Game Máy Tính Esport - Chính Hãng</div>","<div class=""cbl0HO MUmBjS""><span class=""UBgKW+"">₫</span><span class=""du3pq0"">126.000</span> - <span class=""UBgKW+"">₫</span><span class=""du3pq0"">266.000</span></div>","<div class=""oiV-yk oqpuuD POAPqq""><span class=""percent"">50%</span><span class=""Y0e-H2"">giảm</span></div>"
41,"<div class=""_1yN94N WoKSjC _2KkMCe"">Tai Nghe Chụp Tai Bluetooth Y08, P47 Tai Không Dây Có Mic, Âm Bass Cực Chất, Nghe Nhạc Cực Hay</div>","<div class=""cbl0HO MUmBjS""><span class=""UBgKW+"">₫</span><span class=""du3pq0"">50.000</span> - <span class=""UBgKW+"">₫</span><span class=""du3pq0"">55.000</span></div>","<div class=""oiV-yk oqpuuD POAPqq""><span class=""percent"">48%</span><span class=""Y0e-H2"">giảm</span></div>"
42,"<div class=""_1yN94N WoKSjC _2KkMCe"">Túi đựng laptop chống thấm nước mềm mại nhiều màu sắc</div>","<div class=""cbl0HO MUmBjS""><span class=""UBgKW+"">₫</span><span class=""du3pq0"">70.000</span> - <span class=""UBgKW+"">₫</span><span class=""du3pq0"">80.800</span></div>","<div class=""oiV-yk oqpuuD POAPqq""><span class=""percent"">41%</span><span class=""Y0e-H2"">giảm</span></div>"
43,"<div class=""_1yN94N WoKSjC _2KkMCe"">Loa Bluetooth Không Dây Cầm Tay Charge 3 Mini Nghe Nhạc Hay, Hỗ Trợ Cắm Usb Thẻ Nhớ Tf Nhỏ Gọn Giá Rẻ Đẹp</div>","<div class=""cbl0HO MUmBjS""><span class=""UBgKW+"">₫</span><span class=""du3pq0"">89.500</span></div>","<div class=""oiV-yk oqpuuD POAPqq""><span class=""percent"">50%</span><span class=""Y0e-H2"">giảm</span></div>"
44,"<div class=""_1yN94N WoKSjC _2KkMCe"">Chuột Bluetooth không dây Chất lượng cao Chuột im lặng quang học Chuột chơi game máy tính tiện dụng USB dành cho máy tính xách tay</div>","<div class=""cbl0HO MUmBjS""><span class=""UBgKW+"">₫</span><span class=""du3pq0"">61.500</span> - <span class=""UBgKW+"">₫</span><span class=""du3pq0"">68.800</span></div>","<div class=""oiV-yk oqpuuD POAPqq""><span class=""percent"">32%</span><span class=""Y0e-H2"">giảm</span></div>"
45,"<div class=""_1yN94N WoKSjC _2KkMCe"">Tai Nghe Chụp Tai Bluetooth Không Dây M6 Có Thể Gấp Gọn Tiện Lợi</div>","<div class=""cbl0HO MUmBjS""><span class=""UBgKW+"">₫</span><span class=""du3pq0"">37.600</span> - <span class=""UBgKW+"">₫</span><span class=""du3pq0"">76.450</span></div>","<div class=""oiV-yk oqpuuD POAPqq""><span class=""percent"">30%</span><span class=""Y0e-H2"">giảm</span></div>"
46,"<div class=""_1yN94N WoKSjC _2KkMCe"">Kệ để LAPTOP,MACBOOK ,IPAD có đế tản nhiệt laptop để bàn có thể điều chỉnh được độ cao, đế tản nhiệt kê laptop Nhựa ABS</div>","<div class=""cbl0HO MUmBjS""><span class=""UBgKW+"">₫</span><span class=""du3pq0"">15.000</span> - <span class=""UBgKW+"">₫</span><span class=""du3pq0"">65.000</span></div>",
47,"<div class=""_1yN94N WoKSjC _2KkMCe"">Loa Bluetooth D004B giá chỉ 109K / 1C giá tốt nhất thị trường</div>","<div class=""cbl0HO MUmBjS""><span class=""UBgKW+"">₫</span><span class=""du3pq0"">109.000</span></div>",
48,"<div class=""_1yN94N WoKSjC _2KkMCe"">Bộ bàn phím + lót + chuột máy tính có dây giả cơ G21B chuột, combo bàn phím chuột sử dụng máy tính bàn</div>","<div class=""cbl0HO MUmBjS""><span class=""UBgKW+"">₫</span><span class=""du3pq0"">31.000</span> - <span class=""UBgKW+"">₫</span><span class=""du3pq0"">124.000</span></div>","<div class=""oiV-yk oqpuuD POAPqq""><span class=""percent"">38%</span><span class=""Y0e-H2"">giảm</span></div>"
49,"<div class=""_1yN94N WoKSjC _2KkMCe"">Tai nghe không dây Bluetooth TWS AMoi F9 Pro - Chống nước IP67 - Pin 2000maH - Dùng 600 tiếng</div>","<div class=""cbl0HO MUmBjS""><span class=""UBgKW+"">₫</span><span class=""du3pq0"">101.000</span></div>","<div class=""oiV-yk oqpuuD POAPqq""><span class=""percent"">50%</span><span class=""Y0e-H2"">giảm</span></div>"
50,"<div class=""_1yN94N WoKSjC _2KkMCe"">Bàn học để laptop có khe ipad gấp gọn + Tặng 3 bút bi nước</div>","<div class=""cbl0HO MUmBjS""><span class=""UBgKW+"">₫</span><span class=""du3pq0"">67.000</span> - <span class=""UBgKW+"">₫</span><span class=""du3pq0"">75.000</span></div>","<div class=""oiV-yk oqpuuD POAPqq""><span class=""percent"">25%</span><span class=""Y0e-H2"">giảm</span></div>"
51,"<div class=""_1yN94N WoKSjC _2KkMCe"">Loa bluetooth nghe nhạc mini F4 hình đầu cho Bull vỏ chống thấm nước, hỗ trợ cắm thẻ nhớ</div>","<div class=""cbl0HO MUmBjS""><span class=""UBgKW+"">₫</span><span class=""du3pq0"">85.000</span></div>","<div class=""oiV-yk oqpuuD POAPqq""><span class=""percent"">47%</span><span class=""Y0e-H2"">giảm</span></div>"
52,"<div class=""_1yN94N WoKSjC _2KkMCe"">Chuột không dây GOOJODOQ Bluetooth 2.4Ghz 2 trong 1 chất lượng cao for ipad</div>","<div class=""cbl0HO MUmBjS""><span class=""UBgKW+"">₫</span><span class=""du3pq0"">96.000</span></div>","<div class=""oiV-yk oqpuuD POAPqq""><span class=""percent"">52%</span><span class=""Y0e-H2"">giảm</span></div>"
53,"<div class=""_1yN94N WoKSjC _2KkMCe"">Tai Nghe Chụp Tai bluetooth Thời Trang Và Phong Cách Âm Bass Ấm Sống Động Có Mic Đàm Thoại Cho Học Tập Giải Trí</div>","<div class=""cbl0HO MUmBjS""><span class=""UBgKW+"">₫</span><span class=""du3pq0"">268.000</span></div>","<div class=""oiV-yk oqpuuD POAPqq""><span class=""percent"">40%</span><span class=""Y0e-H2"">giảm</span></div>"
54,"<div class=""_1yN94N WoKSjC _2KkMCe"">[QR Code] Mã QR chất liệu Mica để bàn, hỗ trợ thanh toán cho các Shop bán hàng Offline, Online</div>","<div class=""cbl0HO MUmBjS""><span class=""UBgKW+"">₫</span><span class=""du3pq0"">50.000</span> - <span class=""UBgKW+"">₫</span><span class=""du3pq0"">65.000</span></div>",
55,"<div class=""_1yN94N WoKSjC _2KkMCe"">Loa Bluetooth Ssr Charge 3+ V5.0 Loa Mini Không Dây Pin Khủng Âm Cực Hay</div>","<div class=""cbl0HO MUmBjS""><span class=""UBgKW+"">₫</span><span class=""du3pq0"">99.000</span></div>","<div class=""oiV-yk oqpuuD POAPqq""><span class=""percent"">17%</span><span class=""Y0e-H2"">giảm</span></div>"
56,"<div class=""_1yN94N WoKSjC _2KkMCe"">Bàn Phím CƠ ZIYOU K3 Luxury Cao Cấp, Phím Gõ Êm Sử Dụng Trục Cơ Red Switch, Led 16,5 Triệu Màu 10 Chế Độ, Bảo Hành 12t</div>","<div class=""cbl0HO MUmBjS""><span class=""UBgKW+"">₫</span><span class=""du3pq0"">576.000</span></div>","<div class=""oiV-yk oqpuuD POAPqq""><span class=""percent"">48%</span><span class=""Y0e-H2"">giảm</span></div>"
57,"<div class=""_1yN94N WoKSjC _2KkMCe"">Tai nghe nhét tai không dây J18 TWS Bluetooth 5.0 âm thanh nổi bật cảm ứng</div>","<div class=""cbl0HO MUmBjS""><span class=""UBgKW+"">₫</span><span class=""du3pq0"">175.000</span> - <span class=""UBgKW+"">₫</span><span class=""du3pq0"">185.000</span></div>","<div class=""oiV-yk oqpuuD POAPqq""><span class=""percent"">42%</span><span class=""Y0e-H2"">giảm</span></div>"
58,"<div class=""_1yN94N WoKSjC _2KkMCe"">Đầu chuyển đổi OTG Baseus Ugreen 2.0 3.0 Type C  sang USB A và USB sang Type C sạc, truyền dữ liệu tốc độ cao</div>","<div class=""cbl0HO MUmBjS""><span class=""UBgKW+"">₫</span><span class=""du3pq0"">59.000</span> - <span class=""UBgKW+"">₫</span><span class=""du3pq0"">109.000</span></div>","<div class=""oiV-yk oqpuuD POAPqq""><span class=""percent"">38%</span><span class=""Y0e-H2"">giảm</span></div>"
59,"<div class=""_1yN94N WoKSjC _2KkMCe"">Loa Máy Tính Gaming Cắm Nguồn USB Hiệu Ứng Đèn LED Âm Thanh HD Chất Lượng Cao - ADP1046 / 101Z</div>","<div class=""cbl0HO MUmBjS""><span class=""UBgKW+"">₫</span><span class=""du3pq0"">35.000</span> - <span class=""UBgKW+"">₫</span><span class=""du3pq0"">68.000</span></div>",
